{
  "AUC_real": 0.7415190476190476,
  "AP_real": 0.528439047468739,
  "AR_real": 0.48303333333333337,
  "KS_real": 0.3709523809523809
}